filepath,filename,category,filesize
C:\Users\ysfkr\OneDrive\Masaüstü\yapayzeka\data\living_rooms\living_rooms.jpg,living_rooms.jpg,living_rooms,97949
C:\Users\ysfkr\OneDrive\Masaüstü\yapayzeka\data\living_rooms\living_rooms_000.jpg,living_rooms_000.jpg,living_rooms,149136
C:\Users\ysfkr\OneDrive\Masaüstü\yapayzeka\data\living_rooms\living_rooms_001.jpg,living_rooms_001.jpg,living_rooms,166110
C:\Users\ysfkr\OneDrive\Masaüstü\yapayzeka\data\living_rooms\living_rooms_002.jpg,living_rooms_002.jpg,living_rooms,100659
C:\Users\ysfkr\OneDrive\Masaüstü\yapayzeka\data\living_rooms\living_rooms_003.jpg,living_rooms_003.jpg,living_rooms,112068
C:\Users\ysfkr\OneDrive\Masaüstü\yapayzeka\data\living_rooms\living_rooms_004.jpg,living_rooms_004.jpg,living_rooms,90282
C:\Users\ysfkr\OneDrive\Masaüstü\yapayzeka\data\living_rooms\living_rooms_005.jpg,living_rooms_005.jpg,living_rooms,106311
C:\Users\ysfkr\OneDrive\Masaüstü\yapayzeka\data\living_rooms\living_rooms_006.jpg,living_rooms_006.jpg,living_rooms,123056
C:\Users\ysfkr\OneDrive\Masaüstü\yapayzeka\data\living_rooms\living_rooms_007.jpg,living_rooms_007.jpg,living_rooms,188376
C:\Users\ysfkr\OneDrive\Masaüstü\yapayzeka\data\living_rooms\living_rooms_008.jpg,living_rooms_008.jpg,living_rooms,203185
C:\Users\ysfkr\OneDrive\Masaüstü\yapayzeka\data\living_rooms\living_rooms_009.jpg,living_rooms_009.jpg,living_rooms,120684
C:\Users\ysfkr\OneDrive\Masaüstü\yapayzeka\data\living_rooms\living_rooms_010.jpg,living_rooms_010.jpg,living_rooms,109843
C:\Users\ysfkr\OneDrive\Masaüstü\yapayzeka\data\living_rooms\living_rooms_011.jpg,living_rooms_011.jpg,living_rooms,165041
C:\Users\ysfkr\OneDrive\Masaüstü\yapayzeka\data\living_rooms\living_rooms_012.jpg,living_rooms_012.jpg,living_rooms,145063
C:\Users\ysfkr\OneDrive\Masaüstü\yapayzeka\data\living_rooms\living_rooms_013.jpg,living_rooms_013.jpg,living_rooms,142112
C:\Users\ysfkr\OneDrive\Masaüstü\yapayzeka\data\living_rooms\living_rooms_014.jpg,living_rooms_014.jpg,living_rooms,133021
C:\Users\ysfkr\OneDrive\Masaüstü\yapayzeka\data\living_rooms\living_rooms_015.jpg,living_rooms_015.jpg,living_rooms,149034
C:\Users\ysfkr\OneDrive\Masaüstü\yapayzeka\data\living_rooms\living_rooms_016.jpg,living_rooms_016.jpg,living_rooms,136357
C:\Users\ysfkr\OneDrive\Masaüstü\yapayzeka\data\living_rooms\living_rooms_017.jpg,living_rooms_017.jpg,living_rooms,173087
C:\Users\ysfkr\OneDrive\Masaüstü\yapayzeka\data\living_rooms\living_rooms_018.jpg,living_rooms_018.jpg,living_rooms,158671
C:\Users\ysfkr\OneDrive\Masaüstü\yapayzeka\data\living_rooms\living_rooms_019.jpg,living_rooms_019.jpg,living_rooms,89250
C:\Users\ysfkr\OneDrive\Masaüstü\yapayzeka\data\living_rooms\living_rooms_020.jpg,living_rooms_020.jpg,living_rooms,53709
C:\Users\ysfkr\OneDrive\Masaüstü\yapayzeka\data\living_rooms\living_rooms_021.jpg,living_rooms_021.jpg,living_rooms,52253
C:\Users\ysfkr\OneDrive\Masaüstü\yapayzeka\data\living_rooms\living_rooms_022.jpg,living_rooms_022.jpg,living_rooms,64781
C:\Users\ysfkr\OneDrive\Masaüstü\yapayzeka\data\living_rooms\living_rooms_023.jpg,living_rooms_023.jpg,living_rooms,66202
C:\Users\ysfkr\OneDrive\Masaüstü\yapayzeka\data\living_rooms\living_rooms_024.jpg,living_rooms_024.jpg,living_rooms,204765
C:\Users\ysfkr\OneDrive\Masaüstü\yapayzeka\data\living_rooms\living_rooms_025.jpg,living_rooms_025.jpg,living_rooms,67614
C:\Users\ysfkr\OneDrive\Masaüstü\yapayzeka\data\living_rooms\living_rooms_026.jpg,living_rooms_026.jpg,living_rooms,69781
C:\Users\ysfkr\OneDrive\Masaüstü\yapayzeka\data\living_rooms\living_rooms_027.jpg,living_rooms_027.jpg,living_rooms,45915
C:\Users\ysfkr\OneDrive\Masaüstü\yapayzeka\data\living_rooms\living_rooms_028.jpg,living_rooms_028.jpg,living_rooms,73112
C:\Users\ysfkr\OneDrive\Masaüstü\yapayzeka\data\living_rooms\living_rooms_029.jpg,living_rooms_029.jpg,living_rooms,55075
C:\Users\ysfkr\OneDrive\Masaüstü\yapayzeka\data\living_rooms\living_rooms_030.jpg,living_rooms_030.jpg,living_rooms,84553
C:\Users\ysfkr\OneDrive\Masaüstü\yapayzeka\data\living_rooms\living_rooms_031.jpg,living_rooms_031.jpg,living_rooms,48406
C:\Users\ysfkr\OneDrive\Masaüstü\yapayzeka\data\living_rooms\living_rooms_032.jpg,living_rooms_032.jpg,living_rooms,53049
C:\Users\ysfkr\OneDrive\Masaüstü\yapayzeka\data\living_rooms\living_rooms_033.jpg,living_rooms_033.jpg,living_rooms,50149
C:\Users\ysfkr\OneDrive\Masaüstü\yapayzeka\data\living_rooms\living_rooms_034.jpg,living_rooms_034.jpg,living_rooms,60262
C:\Users\ysfkr\OneDrive\Masaüstü\yapayzeka\data\living_rooms\living_rooms_035.jpg,living_rooms_035.jpg,living_rooms,54319
C:\Users\ysfkr\OneDrive\Masaüstü\yapayzeka\data\living_rooms\living_rooms_036.jpg,living_rooms_036.jpg,living_rooms,79428
C:\Users\ysfkr\OneDrive\Masaüstü\yapayzeka\data\living_rooms\living_rooms_037.jpg,living_rooms_037.jpg,living_rooms,70670
C:\Users\ysfkr\OneDrive\Masaüstü\yapayzeka\data\living_rooms\living_rooms_038.jpg,living_rooms_038.jpg,living_rooms,40288
C:\Users\ysfkr\OneDrive\Masaüstü\yapayzeka\data\living_rooms\living_rooms_039.jpg,living_rooms_039.jpg,living_rooms,47606
C:\Users\ysfkr\OneDrive\Masaüstü\yapayzeka\data\living_rooms\living_rooms_040.jpg,living_rooms_040.jpg,living_rooms,123056
C:\Users\ysfkr\OneDrive\Masaüstü\yapayzeka\data\living_rooms\living_rooms_041.jpg,living_rooms_041.jpg,living_rooms,161080
C:\Users\ysfkr\OneDrive\Masaüstü\yapayzeka\data\living_rooms\living_rooms_042.jpg,living_rooms_042.jpg,living_rooms,120684
C:\Users\ysfkr\OneDrive\Masaüstü\yapayzeka\data\living_rooms\living_rooms_043.jpg,living_rooms_043.jpg,living_rooms,145073
C:\Users\ysfkr\OneDrive\Masaüstü\yapayzeka\data\living_rooms\living_rooms_044.jpg,living_rooms_044.jpg,living_rooms,166577
C:\Users\ysfkr\OneDrive\Masaüstü\yapayzeka\data\living_rooms\living_rooms_045.jpg,living_rooms_045.jpg,living_rooms,125347
C:\Users\ysfkr\OneDrive\Masaüstü\yapayzeka\data\living_rooms\living_rooms_046.jpg,living_rooms_046.jpg,living_rooms,109741
C:\Users\ysfkr\OneDrive\Masaüstü\yapayzeka\data\living_rooms\living_rooms_047.jpg,living_rooms_047.jpg,living_rooms,142512
C:\Users\ysfkr\OneDrive\Masaüstü\yapayzeka\data\living_rooms\living_rooms_048.jpg,living_rooms_048.jpg,living_rooms,203185
C:\Users\ysfkr\OneDrive\Masaüstü\yapayzeka\data\living_rooms\living_rooms_049.jpg,living_rooms_049.jpg,living_rooms,226011
C:\Users\ysfkr\OneDrive\Masaüstü\yapayzeka\data\living_rooms\living_rooms_050.jpg,living_rooms_050.jpg,living_rooms,162821
C:\Users\ysfkr\OneDrive\Masaüstü\yapayzeka\data\living_rooms\living_rooms_051.jpg,living_rooms_051.jpg,living_rooms,157251
C:\Users\ysfkr\OneDrive\Masaüstü\yapayzeka\data\living_rooms\living_rooms_052.jpg,living_rooms_052.jpg,living_rooms,138693
C:\Users\ysfkr\OneDrive\Masaüstü\yapayzeka\data\living_rooms\living_rooms_053.jpg,living_rooms_053.jpg,living_rooms,108012
C:\Users\ysfkr\OneDrive\Masaüstü\yapayzeka\data\living_rooms\living_rooms_054.jpg,living_rooms_054.jpg,living_rooms,178802
C:\Users\ysfkr\OneDrive\Masaüstü\yapayzeka\data\living_rooms\living_rooms_055.jpg,living_rooms_055.jpg,living_rooms,105381
C:\Users\ysfkr\OneDrive\Masaüstü\yapayzeka\data\living_rooms\living_rooms_056.jpg,living_rooms_056.jpg,living_rooms,62004
C:\Users\ysfkr\OneDrive\Masaüstü\yapayzeka\data\living_rooms\living_rooms_057.jpg,living_rooms_057.jpg,living_rooms,132036
C:\Users\ysfkr\OneDrive\Masaüstü\yapayzeka\data\living_rooms\living_rooms_058.jpg,living_rooms_058.jpg,living_rooms,88282
C:\Users\ysfkr\OneDrive\Masaüstü\yapayzeka\data\living_rooms\living_rooms_059.jpg,living_rooms_059.jpg,living_rooms,106519
C:\Users\ysfkr\OneDrive\Masaüstü\yapayzeka\data\living_rooms\living_rooms_060.jpg,living_rooms_060.jpg,living_rooms,41221
C:\Users\ysfkr\OneDrive\Masaüstü\yapayzeka\data\living_rooms\living_rooms_061.jpg,living_rooms_061.jpg,living_rooms,56782
C:\Users\ysfkr\OneDrive\Masaüstü\yapayzeka\data\living_rooms\living_rooms_062.jpg,living_rooms_062.jpg,living_rooms,65402
C:\Users\ysfkr\OneDrive\Masaüstü\yapayzeka\data\living_rooms\living_rooms_063.jpg,living_rooms_063.jpg,living_rooms,80384
C:\Users\ysfkr\OneDrive\Masaüstü\yapayzeka\data\living_rooms\living_rooms_064.jpg,living_rooms_064.jpg,living_rooms,50805
C:\Users\ysfkr\OneDrive\Masaüstü\yapayzeka\data\living_rooms\living_rooms_065.jpg,living_rooms_065.jpg,living_rooms,35314
C:\Users\ysfkr\OneDrive\Masaüstü\yapayzeka\data\living_rooms\living_rooms_066.jpg,living_rooms_066.jpg,living_rooms,64562
C:\Users\ysfkr\OneDrive\Masaüstü\yapayzeka\data\living_rooms\living_rooms_067.jpg,living_rooms_067.jpg,living_rooms,70229
C:\Users\ysfkr\OneDrive\Masaüstü\yapayzeka\data\living_rooms\living_rooms_068.jpg,living_rooms_068.jpg,living_rooms,63947
C:\Users\ysfkr\OneDrive\Masaüstü\yapayzeka\data\living_rooms\living_rooms_069.jpg,living_rooms_069.jpg,living_rooms,68196
C:\Users\ysfkr\OneDrive\Masaüstü\yapayzeka\data\living_rooms\living_rooms_070.jpg,living_rooms_070.jpg,living_rooms,62729
C:\Users\ysfkr\OneDrive\Masaüstü\yapayzeka\data\living_rooms\living_rooms_071.jpg,living_rooms_071.jpg,living_rooms,56315
C:\Users\ysfkr\OneDrive\Masaüstü\yapayzeka\data\living_rooms\living_rooms_072.jpg,living_rooms_072.jpg,living_rooms,57132
C:\Users\ysfkr\OneDrive\Masaüstü\yapayzeka\data\living_rooms\living_rooms_073.jpg,living_rooms_073.jpg,living_rooms,110087
C:\Users\ysfkr\OneDrive\Masaüstü\yapayzeka\data\living_rooms\living_rooms_074.jpg,living_rooms_074.jpg,living_rooms,84839
C:\Users\ysfkr\OneDrive\Masaüstü\yapayzeka\data\living_rooms\living_rooms_075.jpg,living_rooms_075.jpg,living_rooms,66373
C:\Users\ysfkr\OneDrive\Masaüstü\yapayzeka\data\living_rooms\living_rooms_076.jpg,living_rooms_076.jpg,living_rooms,56284
C:\Users\ysfkr\OneDrive\Masaüstü\yapayzeka\data\living_rooms\living_rooms_077.jpg,living_rooms_077.jpg,living_rooms,70943
C:\Users\ysfkr\OneDrive\Masaüstü\yapayzeka\data\living_rooms\living_rooms_078.jpg,living_rooms_078.jpg,living_rooms,65537
C:\Users\ysfkr\OneDrive\Masaüstü\yapayzeka\data\living_rooms\living_rooms_079.jpg,living_rooms_079.jpg,living_rooms,52183
C:\Users\ysfkr\OneDrive\Masaüstü\yapayzeka\data\living_rooms\living_rooms_080.jpg,living_rooms_080.jpg,living_rooms,120684
C:\Users\ysfkr\OneDrive\Masaüstü\yapayzeka\data\living_rooms\living_rooms_081.jpg,living_rooms_081.jpg,living_rooms,203185
C:\Users\ysfkr\OneDrive\Masaüstü\yapayzeka\data\living_rooms\living_rooms_082.jpg,living_rooms_082.jpg,living_rooms,56133
C:\Users\ysfkr\OneDrive\Masaüstü\yapayzeka\data\living_rooms\living_rooms_083.jpg,living_rooms_083.jpg,living_rooms,106311
C:\Users\ysfkr\OneDrive\Masaüstü\yapayzeka\data\living_rooms\living_rooms_084.jpg,living_rooms_084.jpg,living_rooms,64332
C:\Users\ysfkr\OneDrive\Masaüstü\yapayzeka\data\living_rooms\living_rooms_085.jpg,living_rooms_085.jpg,living_rooms,82750
C:\Users\ysfkr\OneDrive\Masaüstü\yapayzeka\data\living_rooms\living_rooms_086.jpg,living_rooms_086.jpg,living_rooms,117012
C:\Users\ysfkr\OneDrive\Masaüstü\yapayzeka\data\living_rooms\living_rooms_087.jpg,living_rooms_087.jpg,living_rooms,107723
C:\Users\ysfkr\OneDrive\Masaüstü\yapayzeka\data\living_rooms\living_rooms_088.jpg,living_rooms_088.jpg,living_rooms,79811
C:\Users\ysfkr\OneDrive\Masaüstü\yapayzeka\data\living_rooms\living_rooms_089.jpg,living_rooms_089.jpg,living_rooms,137992
C:\Users\ysfkr\OneDrive\Masaüstü\yapayzeka\data\living_rooms\living_rooms_090.jpg,living_rooms_090.jpg,living_rooms,84916
C:\Users\ysfkr\OneDrive\Masaüstü\yapayzeka\data\living_rooms\living_rooms_091.jpg,living_rooms_091.jpg,living_rooms,23366
C:\Users\ysfkr\OneDrive\Masaüstü\yapayzeka\data\living_rooms\living_rooms_092.jpg,living_rooms_092.jpg,living_rooms,80375
C:\Users\ysfkr\OneDrive\Masaüstü\yapayzeka\data\living_rooms\living_rooms_093.jpg,living_rooms_093.jpg,living_rooms,69802
C:\Users\ysfkr\OneDrive\Masaüstü\yapayzeka\data\living_rooms\living_rooms_094.jpg,living_rooms_094.jpg,living_rooms,133021
C:\Users\ysfkr\OneDrive\Masaüstü\yapayzeka\data\living_rooms\living_rooms_095.jpg,living_rooms_095.jpg,living_rooms,166577
C:\Users\ysfkr\OneDrive\Masaüstü\yapayzeka\data\living_rooms\living_rooms_096.jpg,living_rooms_096.jpg,living_rooms,85658
C:\Users\ysfkr\OneDrive\Masaüstü\yapayzeka\data\living_rooms\living_rooms_097.jpg,living_rooms_097.jpg,living_rooms,117863
C:\Users\ysfkr\OneDrive\Masaüstü\yapayzeka\data\living_rooms\living_rooms_098.jpg,living_rooms_098.jpg,living_rooms,118941
C:\Users\ysfkr\OneDrive\Masaüstü\yapayzeka\data\living_rooms\living_rooms_099.jpg,living_rooms_099.jpg,living_rooms,49782
C:\Users\ysfkr\OneDrive\Masaüstü\yapayzeka\data\bedrooms\bedrooms.jpg,bedrooms.jpg,bedrooms,69002
C:\Users\ysfkr\OneDrive\Masaüstü\yapayzeka\data\bedrooms\bedrooms_000.jpg,bedrooms_000.jpg,bedrooms,82750
C:\Users\ysfkr\OneDrive\Masaüstü\yapayzeka\data\bedrooms\bedrooms_001.jpg,bedrooms_001.jpg,bedrooms,137026
C:\Users\ysfkr\OneDrive\Masaüstü\yapayzeka\data\bedrooms\bedrooms_002.jpg,bedrooms_002.jpg,bedrooms,136537
C:\Users\ysfkr\OneDrive\Masaüstü\yapayzeka\data\bedrooms\bedrooms_003.jpg,bedrooms_003.jpg,bedrooms,114897
C:\Users\ysfkr\OneDrive\Masaüstü\yapayzeka\data\bedrooms\bedrooms_004.jpg,bedrooms_004.jpg,bedrooms,161419
C:\Users\ysfkr\OneDrive\Masaüstü\yapayzeka\data\bedrooms\bedrooms_005.jpg,bedrooms_005.jpg,bedrooms,85120
C:\Users\ysfkr\OneDrive\Masaüstü\yapayzeka\data\bedrooms\bedrooms_006.jpg,bedrooms_006.jpg,bedrooms,141272
C:\Users\ysfkr\OneDrive\Masaüstü\yapayzeka\data\bedrooms\bedrooms_007.jpg,bedrooms_007.jpg,bedrooms,114779
C:\Users\ysfkr\OneDrive\Masaüstü\yapayzeka\data\bedrooms\bedrooms_008.jpg,bedrooms_008.jpg,bedrooms,108030
C:\Users\ysfkr\OneDrive\Masaüstü\yapayzeka\data\bedrooms\bedrooms_009.jpg,bedrooms_009.jpg,bedrooms,151481
C:\Users\ysfkr\OneDrive\Masaüstü\yapayzeka\data\bedrooms\bedrooms_010.jpg,bedrooms_010.jpg,bedrooms,103669
C:\Users\ysfkr\OneDrive\Masaüstü\yapayzeka\data\bedrooms\bedrooms_011.jpg,bedrooms_011.jpg,bedrooms,140284
C:\Users\ysfkr\OneDrive\Masaüstü\yapayzeka\data\bedrooms\bedrooms_012.jpg,bedrooms_012.jpg,bedrooms,79811
C:\Users\ysfkr\OneDrive\Masaüstü\yapayzeka\data\bedrooms\bedrooms_013.jpg,bedrooms_013.jpg,bedrooms,100795
C:\Users\ysfkr\OneDrive\Masaüstü\yapayzeka\data\bedrooms\bedrooms_014.jpg,bedrooms_014.jpg,bedrooms,134899
C:\Users\ysfkr\OneDrive\Masaüstü\yapayzeka\data\bedrooms\bedrooms_015.jpg,bedrooms_015.jpg,bedrooms,128075
C:\Users\ysfkr\OneDrive\Masaüstü\yapayzeka\data\bedrooms\bedrooms_016.jpg,bedrooms_016.jpg,bedrooms,132370
C:\Users\ysfkr\OneDrive\Masaüstü\yapayzeka\data\bedrooms\bedrooms_017.jpg,bedrooms_017.jpg,bedrooms,64871
C:\Users\ysfkr\OneDrive\Masaüstü\yapayzeka\data\bedrooms\bedrooms_018.jpg,bedrooms_018.jpg,bedrooms,188796
C:\Users\ysfkr\OneDrive\Masaüstü\yapayzeka\data\bedrooms\bedrooms_019.jpg,bedrooms_019.jpg,bedrooms,156069
C:\Users\ysfkr\OneDrive\Masaüstü\yapayzeka\data\bedrooms\bedrooms_020.jpg,bedrooms_020.jpg,bedrooms,89878
C:\Users\ysfkr\OneDrive\Masaüstü\yapayzeka\data\bedrooms\bedrooms_021.jpg,bedrooms_021.jpg,bedrooms,50209
C:\Users\ysfkr\OneDrive\Masaüstü\yapayzeka\data\bedrooms\bedrooms_022.jpg,bedrooms_022.jpg,bedrooms,58480
C:\Users\ysfkr\OneDrive\Masaüstü\yapayzeka\data\bedrooms\bedrooms_023.jpg,bedrooms_023.jpg,bedrooms,76405
C:\Users\ysfkr\OneDrive\Masaüstü\yapayzeka\data\bedrooms\bedrooms_024.jpg,bedrooms_024.jpg,bedrooms,66004
C:\Users\ysfkr\OneDrive\Masaüstü\yapayzeka\data\bedrooms\bedrooms_025.jpg,bedrooms_025.jpg,bedrooms,65883
C:\Users\ysfkr\OneDrive\Masaüstü\yapayzeka\data\bedrooms\bedrooms_026.jpg,bedrooms_026.jpg,bedrooms,45462
C:\Users\ysfkr\OneDrive\Masaüstü\yapayzeka\data\bedrooms\bedrooms_027.jpg,bedrooms_027.jpg,bedrooms,91329
C:\Users\ysfkr\OneDrive\Masaüstü\yapayzeka\data\bedrooms\bedrooms_028.jpg,bedrooms_028.jpg,bedrooms,61652
C:\Users\ysfkr\OneDrive\Masaüstü\yapayzeka\data\bedrooms\bedrooms_029.jpg,bedrooms_029.jpg,bedrooms,51721
C:\Users\ysfkr\OneDrive\Masaüstü\yapayzeka\data\bedrooms\bedrooms_030.jpg,bedrooms_030.jpg,bedrooms,60612
C:\Users\ysfkr\OneDrive\Masaüstü\yapayzeka\data\bedrooms\bedrooms_031.jpg,bedrooms_031.jpg,bedrooms,73886
C:\Users\ysfkr\OneDrive\Masaüstü\yapayzeka\data\bedrooms\bedrooms_032.jpg,bedrooms_032.jpg,bedrooms,52521
C:\Users\ysfkr\OneDrive\Masaüstü\yapayzeka\data\bedrooms\bedrooms_033.jpg,bedrooms_033.jpg,bedrooms,35526
C:\Users\ysfkr\OneDrive\Masaüstü\yapayzeka\data\bedrooms\bedrooms_034.jpg,bedrooms_034.jpg,bedrooms,62143
C:\Users\ysfkr\OneDrive\Masaüstü\yapayzeka\data\bedrooms\bedrooms_035.jpg,bedrooms_035.jpg,bedrooms,72847
C:\Users\ysfkr\OneDrive\Masaüstü\yapayzeka\data\bedrooms\bedrooms_036.jpg,bedrooms_036.jpg,bedrooms,84440
C:\Users\ysfkr\OneDrive\Masaüstü\yapayzeka\data\bedrooms\bedrooms_037.jpg,bedrooms_037.jpg,bedrooms,44951
C:\Users\ysfkr\OneDrive\Masaüstü\yapayzeka\data\bedrooms\bedrooms_038.jpg,bedrooms_038.jpg,bedrooms,67180
C:\Users\ysfkr\OneDrive\Masaüstü\yapayzeka\data\bedrooms\bedrooms_039.jpg,bedrooms_039.jpg,bedrooms,44423
C:\Users\ysfkr\OneDrive\Masaüstü\yapayzeka\data\bedrooms\bedrooms_040.jpg,bedrooms_040.jpg,bedrooms,111949
C:\Users\ysfkr\OneDrive\Masaüstü\yapayzeka\data\bedrooms\bedrooms_041.jpg,bedrooms_041.jpg,bedrooms,92867
C:\Users\ysfkr\OneDrive\Masaüstü\yapayzeka\data\bedrooms\bedrooms_042.jpg,bedrooms_042.jpg,bedrooms,122614
C:\Users\ysfkr\OneDrive\Masaüstü\yapayzeka\data\bedrooms\bedrooms_043.jpg,bedrooms_043.jpg,bedrooms,119147
C:\Users\ysfkr\OneDrive\Masaüstü\yapayzeka\data\bedrooms\bedrooms_044.jpg,bedrooms_044.jpg,bedrooms,99536
C:\Users\ysfkr\OneDrive\Masaüstü\yapayzeka\data\bedrooms\bedrooms_045.jpg,bedrooms_045.jpg,bedrooms,62004
C:\Users\ysfkr\OneDrive\Masaüstü\yapayzeka\data\bedrooms\bedrooms_046.jpg,bedrooms_046.jpg,bedrooms,156619
C:\Users\ysfkr\OneDrive\Masaüstü\yapayzeka\data\bedrooms\bedrooms_047.jpg,bedrooms_047.jpg,bedrooms,175085
C:\Users\ysfkr\OneDrive\Masaüstü\yapayzeka\data\bedrooms\bedrooms_048.jpg,bedrooms_048.jpg,bedrooms,167257
C:\Users\ysfkr\OneDrive\Masaüstü\yapayzeka\data\bedrooms\bedrooms_049.jpg,bedrooms_049.jpg,bedrooms,69710
C:\Users\ysfkr\OneDrive\Masaüstü\yapayzeka\data\bedrooms\bedrooms_050.jpg,bedrooms_050.jpg,bedrooms,94515
C:\Users\ysfkr\OneDrive\Masaüstü\yapayzeka\data\bedrooms\bedrooms_051.jpg,bedrooms_051.jpg,bedrooms,152237
C:\Users\ysfkr\OneDrive\Masaüstü\yapayzeka\data\bedrooms\bedrooms_052.jpg,bedrooms_052.jpg,bedrooms,161080
C:\Users\ysfkr\OneDrive\Masaüstü\yapayzeka\data\bedrooms\bedrooms_053.jpg,bedrooms_053.jpg,bedrooms,109382
C:\Users\ysfkr\OneDrive\Masaüstü\yapayzeka\data\bedrooms\bedrooms_054.jpg,bedrooms_054.jpg,bedrooms,116915
C:\Users\ysfkr\OneDrive\Masaüstü\yapayzeka\data\bedrooms\bedrooms_055.jpg,bedrooms_055.jpg,bedrooms,67169
C:\Users\ysfkr\OneDrive\Masaüstü\yapayzeka\data\bedrooms\bedrooms_056.jpg,bedrooms_056.jpg,bedrooms,137843
C:\Users\ysfkr\OneDrive\Masaüstü\yapayzeka\data\bedrooms\bedrooms_057.jpg,bedrooms_057.jpg,bedrooms,78965
C:\Users\ysfkr\OneDrive\Masaüstü\yapayzeka\data\bedrooms\bedrooms_058.jpg,bedrooms_058.jpg,bedrooms,79811
C:\Users\ysfkr\OneDrive\Masaüstü\yapayzeka\data\bedrooms\bedrooms_059.jpg,bedrooms_059.jpg,bedrooms,76347
C:\Users\ysfkr\OneDrive\Masaüstü\yapayzeka\data\bedrooms\bedrooms_060.jpg,bedrooms_060.jpg,bedrooms,58480
C:\Users\ysfkr\OneDrive\Masaüstü\yapayzeka\data\bedrooms\bedrooms_061.jpg,bedrooms_061.jpg,bedrooms,76405
C:\Users\ysfkr\OneDrive\Masaüstü\yapayzeka\data\bedrooms\bedrooms_062.jpg,bedrooms_062.jpg,bedrooms,61339
C:\Users\ysfkr\OneDrive\Masaüstü\yapayzeka\data\bedrooms\bedrooms_063.jpg,bedrooms_063.jpg,bedrooms,63517
C:\Users\ysfkr\OneDrive\Masaüstü\yapayzeka\data\bedrooms\bedrooms_064.jpg,bedrooms_064.jpg,bedrooms,58723
C:\Users\ysfkr\OneDrive\Masaüstü\yapayzeka\data\bedrooms\bedrooms_065.jpg,bedrooms_065.jpg,bedrooms,55498
C:\Users\ysfkr\OneDrive\Masaüstü\yapayzeka\data\bedrooms\bedrooms_066.jpg,bedrooms_066.jpg,bedrooms,54657
C:\Users\ysfkr\OneDrive\Masaüstü\yapayzeka\data\bedrooms\bedrooms_067.jpg,bedrooms_067.jpg,bedrooms,69763
C:\Users\ysfkr\OneDrive\Masaüstü\yapayzeka\data\bedrooms\bedrooms_068.jpg,bedrooms_068.jpg,bedrooms,45309
C:\Users\ysfkr\OneDrive\Masaüstü\yapayzeka\data\bedrooms\bedrooms_069.jpg,bedrooms_069.jpg,bedrooms,60092
C:\Users\ysfkr\OneDrive\Masaüstü\yapayzeka\data\bedrooms\bedrooms_070.jpg,bedrooms_070.jpg,bedrooms,51611
C:\Users\ysfkr\OneDrive\Masaüstü\yapayzeka\data\bedrooms\bedrooms_071.jpg,bedrooms_071.jpg,bedrooms,84750
C:\Users\ysfkr\OneDrive\Masaüstü\yapayzeka\data\bedrooms\bedrooms_072.jpg,bedrooms_072.jpg,bedrooms,72058
C:\Users\ysfkr\OneDrive\Masaüstü\yapayzeka\data\bedrooms\bedrooms_073.jpg,bedrooms_073.jpg,bedrooms,59436
C:\Users\ysfkr\OneDrive\Masaüstü\yapayzeka\data\bedrooms\bedrooms_074.jpg,bedrooms_074.jpg,bedrooms,72847
C:\Users\ysfkr\OneDrive\Masaüstü\yapayzeka\data\bedrooms\bedrooms_075.jpg,bedrooms_075.jpg,bedrooms,56321
C:\Users\ysfkr\OneDrive\Masaüstü\yapayzeka\data\bedrooms\bedrooms_076.jpg,bedrooms_076.jpg,bedrooms,53307
C:\Users\ysfkr\OneDrive\Masaüstü\yapayzeka\data\bedrooms\bedrooms_077.jpg,bedrooms_077.jpg,bedrooms,70625
C:\Users\ysfkr\OneDrive\Masaüstü\yapayzeka\data\bedrooms\bedrooms_078.jpg,bedrooms_078.jpg,bedrooms,41641
C:\Users\ysfkr\OneDrive\Masaüstü\yapayzeka\data\bedrooms\bedrooms_079.jpg,bedrooms_079.jpg,bedrooms,72644
C:\Users\ysfkr\OneDrive\Masaüstü\yapayzeka\data\bedrooms\bedrooms_080.jpg,bedrooms_080.jpg,bedrooms,97558
C:\Users\ysfkr\OneDrive\Masaüstü\yapayzeka\data\bedrooms\bedrooms_081.jpg,bedrooms_081.jpg,bedrooms,136537
C:\Users\ysfkr\OneDrive\Masaüstü\yapayzeka\data\bedrooms\bedrooms_082.jpg,bedrooms_082.jpg,bedrooms,63661
C:\Users\ysfkr\OneDrive\Masaüstü\yapayzeka\data\bedrooms\bedrooms_083.jpg,bedrooms_083.jpg,bedrooms,79811
C:\Users\ysfkr\OneDrive\Masaüstü\yapayzeka\data\bedrooms\bedrooms_084.jpg,bedrooms_084.jpg,bedrooms,134053
C:\Users\ysfkr\OneDrive\Masaüstü\yapayzeka\data\bedrooms\bedrooms_085.jpg,bedrooms_085.jpg,bedrooms,140588
C:\Users\ysfkr\OneDrive\Masaüstü\yapayzeka\data\bedrooms\bedrooms_086.jpg,bedrooms_086.jpg,bedrooms,56133
C:\Users\ysfkr\OneDrive\Masaüstü\yapayzeka\data\bedrooms\bedrooms_087.jpg,bedrooms_087.jpg,bedrooms,85658
C:\Users\ysfkr\OneDrive\Masaüstü\yapayzeka\data\bedrooms\bedrooms_088.jpg,bedrooms_088.jpg,bedrooms,58190
C:\Users\ysfkr\OneDrive\Masaüstü\yapayzeka\data\bedrooms\bedrooms_089.jpg,bedrooms_089.jpg,bedrooms,94872
C:\Users\ysfkr\OneDrive\Masaüstü\yapayzeka\data\bedrooms\bedrooms_090.jpg,bedrooms_090.jpg,bedrooms,97793
C:\Users\ysfkr\OneDrive\Masaüstü\yapayzeka\data\bedrooms\bedrooms_091.jpg,bedrooms_091.jpg,bedrooms,123900
C:\Users\ysfkr\OneDrive\Masaüstü\yapayzeka\data\bedrooms\bedrooms_092.jpg,bedrooms_092.jpg,bedrooms,98544
C:\Users\ysfkr\OneDrive\Masaüstü\yapayzeka\data\bedrooms\bedrooms_093.jpg,bedrooms_093.jpg,bedrooms,82387
C:\Users\ysfkr\OneDrive\Masaüstü\yapayzeka\data\bedrooms\bedrooms_094.jpg,bedrooms_094.jpg,bedrooms,114897
C:\Users\ysfkr\OneDrive\Masaüstü\yapayzeka\data\bedrooms\bedrooms_095.jpg,bedrooms_095.jpg,bedrooms,99536
C:\Users\ysfkr\OneDrive\Masaüstü\yapayzeka\data\bedrooms\bedrooms_096.jpg,bedrooms_096.jpg,bedrooms,68219
C:\Users\ysfkr\OneDrive\Masaüstü\yapayzeka\data\bedrooms\bedrooms_097.jpg,bedrooms_097.jpg,bedrooms,27081
C:\Users\ysfkr\OneDrive\Masaüstü\yapayzeka\data\bedrooms\bedrooms_098.jpg,bedrooms_098.jpg,bedrooms,62549
C:\Users\ysfkr\OneDrive\Masaüstü\yapayzeka\data\bedrooms\bedrooms_099.jpg,bedrooms_099.jpg,bedrooms,62307
C:\Users\ysfkr\OneDrive\Masaüstü\yapayzeka\data\kitchens\kitchens.jpg,kitchens.jpg,kitchens,54531
C:\Users\ysfkr\OneDrive\Masaüstü\yapayzeka\data\kitchens\kitchens_000.jpg,kitchens_000.jpg,kitchens,105380
C:\Users\ysfkr\OneDrive\Masaüstü\yapayzeka\data\kitchens\kitchens_001.jpg,kitchens_001.jpg,kitchens,87672
C:\Users\ysfkr\OneDrive\Masaüstü\yapayzeka\data\kitchens\kitchens_002.jpg,kitchens_002.jpg,kitchens,122630
C:\Users\ysfkr\OneDrive\Masaüstü\yapayzeka\data\kitchens\kitchens_003.jpg,kitchens_003.jpg,kitchens,137460
C:\Users\ysfkr\OneDrive\Masaüstü\yapayzeka\data\kitchens\kitchens_004.jpg,kitchens_004.jpg,kitchens,131797
C:\Users\ysfkr\OneDrive\Masaüstü\yapayzeka\data\kitchens\kitchens_005.jpg,kitchens_005.jpg,kitchens,90413
C:\Users\ysfkr\OneDrive\Masaüstü\yapayzeka\data\kitchens\kitchens_006.jpg,kitchens_006.jpg,kitchens,89809
C:\Users\ysfkr\OneDrive\Masaüstü\yapayzeka\data\kitchens\kitchens_007.jpg,kitchens_007.jpg,kitchens,92904
C:\Users\ysfkr\OneDrive\Masaüstü\yapayzeka\data\kitchens\kitchens_008.jpg,kitchens_008.jpg,kitchens,87418
C:\Users\ysfkr\OneDrive\Masaüstü\yapayzeka\data\kitchens\kitchens_009.jpg,kitchens_009.jpg,kitchens,106311
C:\Users\ysfkr\OneDrive\Masaüstü\yapayzeka\data\kitchens\kitchens_010.jpg,kitchens_010.jpg,kitchens,74104
C:\Users\ysfkr\OneDrive\Masaüstü\yapayzeka\data\kitchens\kitchens_011.jpg,kitchens_011.jpg,kitchens,82674
C:\Users\ysfkr\OneDrive\Masaüstü\yapayzeka\data\kitchens\kitchens_012.jpg,kitchens_012.jpg,kitchens,152463
C:\Users\ysfkr\OneDrive\Masaüstü\yapayzeka\data\kitchens\kitchens_013.jpg,kitchens_013.jpg,kitchens,94127
C:\Users\ysfkr\OneDrive\Masaüstü\yapayzeka\data\kitchens\kitchens_014.jpg,kitchens_014.jpg,kitchens,164378
C:\Users\ysfkr\OneDrive\Masaüstü\yapayzeka\data\kitchens\kitchens_015.jpg,kitchens_015.jpg,kitchens,102362
C:\Users\ysfkr\OneDrive\Masaüstü\yapayzeka\data\kitchens\kitchens_016.jpg,kitchens_016.jpg,kitchens,96682
C:\Users\ysfkr\OneDrive\Masaüstü\yapayzeka\data\kitchens\kitchens_017.jpg,kitchens_017.jpg,kitchens,85903
C:\Users\ysfkr\OneDrive\Masaüstü\yapayzeka\data\kitchens\kitchens_018.jpg,kitchens_018.jpg,kitchens,80223
C:\Users\ysfkr\OneDrive\Masaüstü\yapayzeka\data\kitchens\kitchens_019.jpg,kitchens_019.jpg,kitchens,106607
C:\Users\ysfkr\OneDrive\Masaüstü\yapayzeka\data\kitchens\kitchens_020.jpg,kitchens_020.jpg,kitchens,65314
C:\Users\ysfkr\OneDrive\Masaüstü\yapayzeka\data\kitchens\kitchens_021.jpg,kitchens_021.jpg,kitchens,66357
C:\Users\ysfkr\OneDrive\Masaüstü\yapayzeka\data\kitchens\kitchens_022.jpg,kitchens_022.jpg,kitchens,66982
C:\Users\ysfkr\OneDrive\Masaüstü\yapayzeka\data\kitchens\kitchens_023.jpg,kitchens_023.jpg,kitchens,60257
C:\Users\ysfkr\OneDrive\Masaüstü\yapayzeka\data\kitchens\kitchens_024.jpg,kitchens_024.jpg,kitchens,40588
C:\Users\ysfkr\OneDrive\Masaüstü\yapayzeka\data\kitchens\kitchens_025.jpg,kitchens_025.jpg,kitchens,62481
C:\Users\ysfkr\OneDrive\Masaüstü\yapayzeka\data\kitchens\kitchens_026.jpg,kitchens_026.jpg,kitchens,64378
C:\Users\ysfkr\OneDrive\Masaüstü\yapayzeka\data\kitchens\kitchens_027.jpg,kitchens_027.jpg,kitchens,38978
C:\Users\ysfkr\OneDrive\Masaüstü\yapayzeka\data\kitchens\kitchens_028.jpg,kitchens_028.jpg,kitchens,111979
C:\Users\ysfkr\OneDrive\Masaüstü\yapayzeka\data\kitchens\kitchens_029.jpg,kitchens_029.jpg,kitchens,55399
C:\Users\ysfkr\OneDrive\Masaüstü\yapayzeka\data\kitchens\kitchens_030.jpg,kitchens_030.jpg,kitchens,41265
C:\Users\ysfkr\OneDrive\Masaüstü\yapayzeka\data\kitchens\kitchens_031.jpg,kitchens_031.jpg,kitchens,72090
C:\Users\ysfkr\OneDrive\Masaüstü\yapayzeka\data\kitchens\kitchens_032.jpg,kitchens_032.jpg,kitchens,44338
C:\Users\ysfkr\OneDrive\Masaüstü\yapayzeka\data\kitchens\kitchens_033.jpg,kitchens_033.jpg,kitchens,51693
C:\Users\ysfkr\OneDrive\Masaüstü\yapayzeka\data\kitchens\kitchens_034.jpg,kitchens_034.jpg,kitchens,65623
C:\Users\ysfkr\OneDrive\Masaüstü\yapayzeka\data\kitchens\kitchens_035.jpg,kitchens_035.jpg,kitchens,22818
C:\Users\ysfkr\OneDrive\Masaüstü\yapayzeka\data\kitchens\kitchens_036.jpg,kitchens_036.jpg,kitchens,64335
C:\Users\ysfkr\OneDrive\Masaüstü\yapayzeka\data\kitchens\kitchens_037.jpg,kitchens_037.jpg,kitchens,55718
C:\Users\ysfkr\OneDrive\Masaüstü\yapayzeka\data\kitchens\kitchens_038.jpg,kitchens_038.jpg,kitchens,70353
C:\Users\ysfkr\OneDrive\Masaüstü\yapayzeka\data\kitchens\kitchens_039.jpg,kitchens_039.jpg,kitchens,72820
C:\Users\ysfkr\OneDrive\Masaüstü\yapayzeka\data\kitchens\kitchens_040.jpg,kitchens_040.jpg,kitchens,190612
C:\Users\ysfkr\OneDrive\Masaüstü\yapayzeka\data\kitchens\kitchens_041.jpg,kitchens_041.jpg,kitchens,137386
C:\Users\ysfkr\OneDrive\Masaüstü\yapayzeka\data\kitchens\kitchens_042.jpg,kitchens_042.jpg,kitchens,197945
C:\Users\ysfkr\OneDrive\Masaüstü\yapayzeka\data\kitchens\kitchens_043.jpg,kitchens_043.jpg,kitchens,123661
C:\Users\ysfkr\OneDrive\Masaüstü\yapayzeka\data\kitchens\kitchens_044.jpg,kitchens_044.jpg,kitchens,154363
C:\Users\ysfkr\OneDrive\Masaüstü\yapayzeka\data\kitchens\kitchens_045.jpg,kitchens_045.jpg,kitchens,145260
C:\Users\ysfkr\OneDrive\Masaüstü\yapayzeka\data\kitchens\kitchens_046.jpg,kitchens_046.jpg,kitchens,170974
C:\Users\ysfkr\OneDrive\Masaüstü\yapayzeka\data\kitchens\kitchens_047.jpg,kitchens_047.jpg,kitchens,168100
C:\Users\ysfkr\OneDrive\Masaüstü\yapayzeka\data\kitchens\kitchens_048.jpg,kitchens_048.jpg,kitchens,76888
C:\Users\ysfkr\OneDrive\Masaüstü\yapayzeka\data\kitchens\kitchens_049.jpg,kitchens_049.jpg,kitchens,206807
C:\Users\ysfkr\OneDrive\Masaüstü\yapayzeka\data\kitchens\kitchens_050.jpg,kitchens_050.jpg,kitchens,115711
C:\Users\ysfkr\OneDrive\Masaüstü\yapayzeka\data\kitchens\kitchens_051.jpg,kitchens_051.jpg,kitchens,118088
C:\Users\ysfkr\OneDrive\Masaüstü\yapayzeka\data\kitchens\kitchens_052.jpg,kitchens_052.jpg,kitchens,123518
C:\Users\ysfkr\OneDrive\Masaüstü\yapayzeka\data\kitchens\kitchens_053.jpg,kitchens_053.jpg,kitchens,160047
C:\Users\ysfkr\OneDrive\Masaüstü\yapayzeka\data\kitchens\kitchens_054.jpg,kitchens_054.jpg,kitchens,196532
C:\Users\ysfkr\OneDrive\Masaüstü\yapayzeka\data\kitchens\kitchens_055.jpg,kitchens_055.jpg,kitchens,188871
C:\Users\ysfkr\OneDrive\Masaüstü\yapayzeka\data\kitchens\kitchens_056.jpg,kitchens_056.jpg,kitchens,107723
C:\Users\ysfkr\OneDrive\Masaüstü\yapayzeka\data\kitchens\kitchens_057.jpg,kitchens_057.jpg,kitchens,150371
C:\Users\ysfkr\OneDrive\Masaüstü\yapayzeka\data\kitchens\kitchens_058.jpg,kitchens_058.jpg,kitchens,125081
C:\Users\ysfkr\OneDrive\Masaüstü\yapayzeka\data\kitchens\kitchens_059.jpg,kitchens_059.jpg,kitchens,149270
C:\Users\ysfkr\OneDrive\Masaüstü\yapayzeka\data\kitchens\kitchens_060.jpg,kitchens_060.jpg,kitchens,102488
C:\Users\ysfkr\OneDrive\Masaüstü\yapayzeka\data\kitchens\kitchens_061.jpg,kitchens_061.jpg,kitchens,138497
C:\Users\ysfkr\OneDrive\Masaüstü\yapayzeka\data\kitchens\kitchens_062.jpg,kitchens_062.jpg,kitchens,47548
C:\Users\ysfkr\OneDrive\Masaüstü\yapayzeka\data\kitchens\kitchens_063.jpg,kitchens_063.jpg,kitchens,63213
C:\Users\ysfkr\OneDrive\Masaüstü\yapayzeka\data\kitchens\kitchens_064.jpg,kitchens_064.jpg,kitchens,51034
C:\Users\ysfkr\OneDrive\Masaüstü\yapayzeka\data\kitchens\kitchens_065.jpg,kitchens_065.jpg,kitchens,67014
C:\Users\ysfkr\OneDrive\Masaüstü\yapayzeka\data\kitchens\kitchens_066.jpg,kitchens_066.jpg,kitchens,47535
C:\Users\ysfkr\OneDrive\Masaüstü\yapayzeka\data\kitchens\kitchens_067.jpg,kitchens_067.jpg,kitchens,53438
C:\Users\ysfkr\OneDrive\Masaüstü\yapayzeka\data\kitchens\kitchens_068.jpg,kitchens_068.jpg,kitchens,109956
C:\Users\ysfkr\OneDrive\Masaüstü\yapayzeka\data\kitchens\kitchens_069.jpg,kitchens_069.jpg,kitchens,122306
C:\Users\ysfkr\OneDrive\Masaüstü\yapayzeka\data\kitchens\kitchens_070.jpg,kitchens_070.jpg,kitchens,87395
C:\Users\ysfkr\OneDrive\Masaüstü\yapayzeka\data\kitchens\kitchens_071.jpg,kitchens_071.jpg,kitchens,65613
C:\Users\ysfkr\OneDrive\Masaüstü\yapayzeka\data\kitchens\kitchens_072.jpg,kitchens_072.jpg,kitchens,47238
C:\Users\ysfkr\OneDrive\Masaüstü\yapayzeka\data\kitchens\kitchens_073.jpg,kitchens_073.jpg,kitchens,74161
C:\Users\ysfkr\OneDrive\Masaüstü\yapayzeka\data\kitchens\kitchens_074.jpg,kitchens_074.jpg,kitchens,80077
C:\Users\ysfkr\OneDrive\Masaüstü\yapayzeka\data\kitchens\kitchens_075.jpg,kitchens_075.jpg,kitchens,101040
C:\Users\ysfkr\OneDrive\Masaüstü\yapayzeka\data\kitchens\kitchens_076.jpg,kitchens_076.jpg,kitchens,45429
C:\Users\ysfkr\OneDrive\Masaüstü\yapayzeka\data\kitchens\kitchens_077.jpg,kitchens_077.jpg,kitchens,89115
C:\Users\ysfkr\OneDrive\Masaüstü\yapayzeka\data\kitchens\kitchens_078.jpg,kitchens_078.jpg,kitchens,80301
C:\Users\ysfkr\OneDrive\Masaüstü\yapayzeka\data\kitchens\kitchens_079.jpg,kitchens_079.jpg,kitchens,71308
C:\Users\ysfkr\OneDrive\Masaüstü\yapayzeka\data\kitchens\kitchens_080.jpg,kitchens_080.jpg,kitchens,50355
C:\Users\ysfkr\OneDrive\Masaüstü\yapayzeka\data\kitchens\kitchens_081.jpg,kitchens_081.jpg,kitchens,85801
C:\Users\ysfkr\OneDrive\Masaüstü\yapayzeka\data\kitchens\kitchens_082.jpg,kitchens_082.jpg,kitchens,66489
C:\Users\ysfkr\OneDrive\Masaüstü\yapayzeka\data\kitchens\kitchens_083.jpg,kitchens_083.jpg,kitchens,112933
C:\Users\ysfkr\OneDrive\Masaüstü\yapayzeka\data\kitchens\kitchens_084.jpg,kitchens_084.jpg,kitchens,137460
C:\Users\ysfkr\OneDrive\Masaüstü\yapayzeka\data\kitchens\kitchens_085.jpg,kitchens_085.jpg,kitchens,83494
C:\Users\ysfkr\OneDrive\Masaüstü\yapayzeka\data\kitchens\kitchens_086.jpg,kitchens_086.jpg,kitchens,65087
C:\Users\ysfkr\OneDrive\Masaüstü\yapayzeka\data\kitchens\kitchens_087.jpg,kitchens_087.jpg,kitchens,112744
C:\Users\ysfkr\OneDrive\Masaüstü\yapayzeka\data\kitchens\kitchens_088.jpg,kitchens_088.jpg,kitchens,81665
C:\Users\ysfkr\OneDrive\Masaüstü\yapayzeka\data\kitchens\kitchens_089.jpg,kitchens_089.jpg,kitchens,93072
C:\Users\ysfkr\OneDrive\Masaüstü\yapayzeka\data\kitchens\kitchens_090.jpg,kitchens_090.jpg,kitchens,88472
C:\Users\ysfkr\OneDrive\Masaüstü\yapayzeka\data\kitchens\kitchens_091.jpg,kitchens_091.jpg,kitchens,75195
C:\Users\ysfkr\OneDrive\Masaüstü\yapayzeka\data\kitchens\kitchens_092.jpg,kitchens_092.jpg,kitchens,94127
C:\Users\ysfkr\OneDrive\Masaüstü\yapayzeka\data\kitchens\kitchens_093.jpg,kitchens_093.jpg,kitchens,90059
C:\Users\ysfkr\OneDrive\Masaüstü\yapayzeka\data\kitchens\kitchens_094.jpg,kitchens_094.jpg,kitchens,62895
C:\Users\ysfkr\OneDrive\Masaüstü\yapayzeka\data\kitchens\kitchens_095.jpg,kitchens_095.jpg,kitchens,99775
C:\Users\ysfkr\OneDrive\Masaüstü\yapayzeka\data\kitchens\kitchens_096.jpg,kitchens_096.jpg,kitchens,56133
C:\Users\ysfkr\OneDrive\Masaüstü\yapayzeka\data\kitchens\kitchens_097.jpg,kitchens_097.jpg,kitchens,90413
C:\Users\ysfkr\OneDrive\Masaüstü\yapayzeka\data\kitchens\kitchens_098.jpg,kitchens_098.jpg,kitchens,132218
C:\Users\ysfkr\OneDrive\Masaüstü\yapayzeka\data\kitchens\kitchens_099.jpg,kitchens_099.jpg,kitchens,68653
C:\Users\ysfkr\OneDrive\Masaüstü\yapayzeka\data\bathrooms\bathrooms.jpg,bathrooms.jpg,bathrooms,63338
C:\Users\ysfkr\OneDrive\Masaüstü\yapayzeka\data\bathrooms\bathrooms_000.jpg,bathrooms_000.jpg,bathrooms,154769
C:\Users\ysfkr\OneDrive\Masaüstü\yapayzeka\data\bathrooms\bathrooms_001.jpg,bathrooms_001.jpg,bathrooms,106699
C:\Users\ysfkr\OneDrive\Masaüstü\yapayzeka\data\bathrooms\bathrooms_002.jpg,bathrooms_002.jpg,bathrooms,115313
C:\Users\ysfkr\OneDrive\Masaüstü\yapayzeka\data\bathrooms\bathrooms_003.jpg,bathrooms_003.jpg,bathrooms,60281
C:\Users\ysfkr\OneDrive\Masaüstü\yapayzeka\data\bathrooms\bathrooms_004.jpg,bathrooms_004.jpg,bathrooms,164877
C:\Users\ysfkr\OneDrive\Masaüstü\yapayzeka\data\bathrooms\bathrooms_005.jpg,bathrooms_005.jpg,bathrooms,77763
C:\Users\ysfkr\OneDrive\Masaüstü\yapayzeka\data\bathrooms\bathrooms_006.jpg,bathrooms_006.jpg,bathrooms,99579
C:\Users\ysfkr\OneDrive\Masaüstü\yapayzeka\data\bathrooms\bathrooms_007.jpg,bathrooms_007.jpg,bathrooms,94201
C:\Users\ysfkr\OneDrive\Masaüstü\yapayzeka\data\bathrooms\bathrooms_008.jpg,bathrooms_008.jpg,bathrooms,88248
C:\Users\ysfkr\OneDrive\Masaüstü\yapayzeka\data\bathrooms\bathrooms_009.jpg,bathrooms_009.jpg,bathrooms,59144
C:\Users\ysfkr\OneDrive\Masaüstü\yapayzeka\data\bathrooms\bathrooms_010.jpg,bathrooms_010.jpg,bathrooms,82820
C:\Users\ysfkr\OneDrive\Masaüstü\yapayzeka\data\bathrooms\bathrooms_011.jpg,bathrooms_011.jpg,bathrooms,79384
C:\Users\ysfkr\OneDrive\Masaüstü\yapayzeka\data\bathrooms\bathrooms_012.jpg,bathrooms_012.jpg,bathrooms,137460
C:\Users\ysfkr\OneDrive\Masaüstü\yapayzeka\data\bathrooms\bathrooms_013.jpg,bathrooms_013.jpg,bathrooms,108555
C:\Users\ysfkr\OneDrive\Masaüstü\yapayzeka\data\bathrooms\bathrooms_014.jpg,bathrooms_014.jpg,bathrooms,97723
C:\Users\ysfkr\OneDrive\Masaüstü\yapayzeka\data\bathrooms\bathrooms_015.jpg,bathrooms_015.jpg,bathrooms,77427
C:\Users\ysfkr\OneDrive\Masaüstü\yapayzeka\data\bathrooms\bathrooms_016.jpg,bathrooms_016.jpg,bathrooms,88892
C:\Users\ysfkr\OneDrive\Masaüstü\yapayzeka\data\bathrooms\bathrooms_017.jpg,bathrooms_017.jpg,bathrooms,86942
C:\Users\ysfkr\OneDrive\Masaüstü\yapayzeka\data\bathrooms\bathrooms_018.jpg,bathrooms_018.jpg,bathrooms,89003
C:\Users\ysfkr\OneDrive\Masaüstü\yapayzeka\data\bathrooms\bathrooms_019.jpg,bathrooms_019.jpg,bathrooms,86342
C:\Users\ysfkr\OneDrive\Masaüstü\yapayzeka\data\bathrooms\bathrooms_020.jpg,bathrooms_020.jpg,bathrooms,39135
C:\Users\ysfkr\OneDrive\Masaüstü\yapayzeka\data\bathrooms\bathrooms_021.jpg,bathrooms_021.jpg,bathrooms,69768
C:\Users\ysfkr\OneDrive\Masaüstü\yapayzeka\data\bathrooms\bathrooms_022.jpg,bathrooms_022.jpg,bathrooms,43495
C:\Users\ysfkr\OneDrive\Masaüstü\yapayzeka\data\bathrooms\bathrooms_023.jpg,bathrooms_023.jpg,bathrooms,22843
C:\Users\ysfkr\OneDrive\Masaüstü\yapayzeka\data\bathrooms\bathrooms_024.jpg,bathrooms_024.jpg,bathrooms,39406
C:\Users\ysfkr\OneDrive\Masaüstü\yapayzeka\data\bathrooms\bathrooms_025.jpg,bathrooms_025.jpg,bathrooms,43375
C:\Users\ysfkr\OneDrive\Masaüstü\yapayzeka\data\bathrooms\bathrooms_026.jpg,bathrooms_026.jpg,bathrooms,38742
C:\Users\ysfkr\OneDrive\Masaüstü\yapayzeka\data\bathrooms\bathrooms_027.jpg,bathrooms_027.jpg,bathrooms,62118
C:\Users\ysfkr\OneDrive\Masaüstü\yapayzeka\data\bathrooms\bathrooms_028.jpg,bathrooms_028.jpg,bathrooms,37746
C:\Users\ysfkr\OneDrive\Masaüstü\yapayzeka\data\bathrooms\bathrooms_029.jpg,bathrooms_029.jpg,bathrooms,44555
C:\Users\ysfkr\OneDrive\Masaüstü\yapayzeka\data\bathrooms\bathrooms_030.jpg,bathrooms_030.jpg,bathrooms,36579
C:\Users\ysfkr\OneDrive\Masaüstü\yapayzeka\data\bathrooms\bathrooms_031.jpg,bathrooms_031.jpg,bathrooms,42134
C:\Users\ysfkr\OneDrive\Masaüstü\yapayzeka\data\bathrooms\bathrooms_032.jpg,bathrooms_032.jpg,bathrooms,42154
C:\Users\ysfkr\OneDrive\Masaüstü\yapayzeka\data\bathrooms\bathrooms_033.jpg,bathrooms_033.jpg,bathrooms,62318
C:\Users\ysfkr\OneDrive\Masaüstü\yapayzeka\data\bathrooms\bathrooms_034.jpg,bathrooms_034.jpg,bathrooms,25550
C:\Users\ysfkr\OneDrive\Masaüstü\yapayzeka\data\bathrooms\bathrooms_035.jpg,bathrooms_035.jpg,bathrooms,46810
C:\Users\ysfkr\OneDrive\Masaüstü\yapayzeka\data\bathrooms\bathrooms_036.jpg,bathrooms_036.jpg,bathrooms,37484
C:\Users\ysfkr\OneDrive\Masaüstü\yapayzeka\data\bathrooms\bathrooms_037.jpg,bathrooms_037.jpg,bathrooms,41046
C:\Users\ysfkr\OneDrive\Masaüstü\yapayzeka\data\bathrooms\bathrooms_038.jpg,bathrooms_038.jpg,bathrooms,45377
C:\Users\ysfkr\OneDrive\Masaüstü\yapayzeka\data\bathrooms\bathrooms_039.jpg,bathrooms_039.jpg,bathrooms,48702
C:\Users\ysfkr\OneDrive\Masaüstü\yapayzeka\data\bathrooms\bathrooms_040.jpg,bathrooms_040.jpg,bathrooms,106699
C:\Users\ysfkr\OneDrive\Masaüstü\yapayzeka\data\bathrooms\bathrooms_041.jpg,bathrooms_041.jpg,bathrooms,108555
C:\Users\ysfkr\OneDrive\Masaüstü\yapayzeka\data\bathrooms\bathrooms_042.jpg,bathrooms_042.jpg,bathrooms,154769
C:\Users\ysfkr\OneDrive\Masaüstü\yapayzeka\data\bathrooms\bathrooms_043.jpg,bathrooms_043.jpg,bathrooms,105588
C:\Users\ysfkr\OneDrive\Masaüstü\yapayzeka\data\bathrooms\bathrooms_044.jpg,bathrooms_044.jpg,bathrooms,97723
C:\Users\ysfkr\OneDrive\Masaüstü\yapayzeka\data\bathrooms\bathrooms_045.jpg,bathrooms_045.jpg,bathrooms,119345
C:\Users\ysfkr\OneDrive\Masaüstü\yapayzeka\data\bathrooms\bathrooms_046.jpg,bathrooms_046.jpg,bathrooms,128463
C:\Users\ysfkr\OneDrive\Masaüstü\yapayzeka\data\bathrooms\bathrooms_047.jpg,bathrooms_047.jpg,bathrooms,127857
C:\Users\ysfkr\OneDrive\Masaüstü\yapayzeka\data\bathrooms\bathrooms_048.jpg,bathrooms_048.jpg,bathrooms,164877
C:\Users\ysfkr\OneDrive\Masaüstü\yapayzeka\data\bathrooms\bathrooms_049.jpg,bathrooms_049.jpg,bathrooms,96682
C:\Users\ysfkr\OneDrive\Masaüstü\yapayzeka\data\bathrooms\bathrooms_050.jpg,bathrooms_050.jpg,bathrooms,53636
C:\Users\ysfkr\OneDrive\Masaüstü\yapayzeka\data\bathrooms\bathrooms_051.jpg,bathrooms_051.jpg,bathrooms,92508
C:\Users\ysfkr\OneDrive\Masaüstü\yapayzeka\data\bathrooms\bathrooms_052.jpg,bathrooms_052.jpg,bathrooms,76549
C:\Users\ysfkr\OneDrive\Masaüstü\yapayzeka\data\bathrooms\bathrooms_053.jpg,bathrooms_053.jpg,bathrooms,170851
C:\Users\ysfkr\OneDrive\Masaüstü\yapayzeka\data\bathrooms\bathrooms_054.jpg,bathrooms_054.jpg,bathrooms,141183
C:\Users\ysfkr\OneDrive\Masaüstü\yapayzeka\data\bathrooms\bathrooms_055.jpg,bathrooms_055.jpg,bathrooms,121166
C:\Users\ysfkr\OneDrive\Masaüstü\yapayzeka\data\bathrooms\bathrooms_056.jpg,bathrooms_056.jpg,bathrooms,94201
C:\Users\ysfkr\OneDrive\Masaüstü\yapayzeka\data\bathrooms\bathrooms_057.jpg,bathrooms_057.jpg,bathrooms,77283
C:\Users\ysfkr\OneDrive\Masaüstü\yapayzeka\data\bathrooms\bathrooms_058.jpg,bathrooms_058.jpg,bathrooms,62966
C:\Users\ysfkr\OneDrive\Masaüstü\yapayzeka\data\bathrooms\bathrooms_059.jpg,bathrooms_059.jpg,bathrooms,99579
C:\Users\ysfkr\OneDrive\Masaüstü\yapayzeka\data\bathrooms\bathrooms_060.jpg,bathrooms_060.jpg,bathrooms,35988
C:\Users\ysfkr\OneDrive\Masaüstü\yapayzeka\data\bathrooms\bathrooms_061.jpg,bathrooms_061.jpg,bathrooms,69768
C:\Users\ysfkr\OneDrive\Masaüstü\yapayzeka\data\bathrooms\bathrooms_062.jpg,bathrooms_062.jpg,bathrooms,39135
C:\Users\ysfkr\OneDrive\Masaüstü\yapayzeka\data\bathrooms\bathrooms_063.jpg,bathrooms_063.jpg,bathrooms,45496
C:\Users\ysfkr\OneDrive\Masaüstü\yapayzeka\data\bathrooms\bathrooms_064.jpg,bathrooms_064.jpg,bathrooms,38742
C:\Users\ysfkr\OneDrive\Masaüstü\yapayzeka\data\bathrooms\bathrooms_065.jpg,bathrooms_065.jpg,bathrooms,31388
C:\Users\ysfkr\OneDrive\Masaüstü\yapayzeka\data\bathrooms\bathrooms_066.jpg,bathrooms_066.jpg,bathrooms,52929
C:\Users\ysfkr\OneDrive\Masaüstü\yapayzeka\data\bathrooms\bathrooms_067.jpg,bathrooms_067.jpg,bathrooms,52496
C:\Users\ysfkr\OneDrive\Masaüstü\yapayzeka\data\bathrooms\bathrooms_068.jpg,bathrooms_068.jpg,bathrooms,68185
C:\Users\ysfkr\OneDrive\Masaüstü\yapayzeka\data\bathrooms\bathrooms_069.jpg,bathrooms_069.jpg,bathrooms,70608
C:\Users\ysfkr\OneDrive\Masaüstü\yapayzeka\data\bathrooms\bathrooms_070.jpg,bathrooms_070.jpg,bathrooms,47890
C:\Users\ysfkr\OneDrive\Masaüstü\yapayzeka\data\bathrooms\bathrooms_071.jpg,bathrooms_071.jpg,bathrooms,75958
C:\Users\ysfkr\OneDrive\Masaüstü\yapayzeka\data\bathrooms\bathrooms_072.jpg,bathrooms_072.jpg,bathrooms,57940
C:\Users\ysfkr\OneDrive\Masaüstü\yapayzeka\data\bathrooms\bathrooms_073.jpg,bathrooms_073.jpg,bathrooms,56900
C:\Users\ysfkr\OneDrive\Masaüstü\yapayzeka\data\bathrooms\bathrooms_074.jpg,bathrooms_074.jpg,bathrooms,30448
C:\Users\ysfkr\OneDrive\Masaüstü\yapayzeka\data\bathrooms\bathrooms_075.jpg,bathrooms_075.jpg,bathrooms,43811
C:\Users\ysfkr\OneDrive\Masaüstü\yapayzeka\data\bathrooms\bathrooms_076.jpg,bathrooms_076.jpg,bathrooms,69344
C:\Users\ysfkr\OneDrive\Masaüstü\yapayzeka\data\bathrooms\bathrooms_077.jpg,bathrooms_077.jpg,bathrooms,42688
C:\Users\ysfkr\OneDrive\Masaüstü\yapayzeka\data\bathrooms\bathrooms_078.jpg,bathrooms_078.jpg,bathrooms,55093
C:\Users\ysfkr\OneDrive\Masaüstü\yapayzeka\data\bathrooms\bathrooms_079.jpg,bathrooms_079.jpg,bathrooms,56501
C:\Users\ysfkr\OneDrive\Masaüstü\yapayzeka\data\bathrooms\bathrooms_080.jpg,bathrooms_080.jpg,bathrooms,94230
C:\Users\ysfkr\OneDrive\Masaüstü\yapayzeka\data\bathrooms\bathrooms_081.jpg,bathrooms_081.jpg,bathrooms,101691
C:\Users\ysfkr\OneDrive\Masaüstü\yapayzeka\data\bathrooms\bathrooms_082.jpg,bathrooms_082.jpg,bathrooms,107875
C:\Users\ysfkr\OneDrive\Masaüstü\yapayzeka\data\bathrooms\bathrooms_083.jpg,bathrooms_083.jpg,bathrooms,106699
C:\Users\ysfkr\OneDrive\Masaüstü\yapayzeka\data\bathrooms\bathrooms_084.jpg,bathrooms_084.jpg,bathrooms,128716
C:\Users\ysfkr\OneDrive\Masaüstü\yapayzeka\data\bathrooms\bathrooms_085.jpg,bathrooms_085.jpg,bathrooms,60928
C:\Users\ysfkr\OneDrive\Masaüstü\yapayzeka\data\bathrooms\bathrooms_086.jpg,bathrooms_086.jpg,bathrooms,108555
C:\Users\ysfkr\OneDrive\Masaüstü\yapayzeka\data\bathrooms\bathrooms_087.jpg,bathrooms_087.jpg,bathrooms,119909
C:\Users\ysfkr\OneDrive\Masaüstü\yapayzeka\data\bathrooms\bathrooms_088.jpg,bathrooms_088.jpg,bathrooms,154769
C:\Users\ysfkr\OneDrive\Masaüstü\yapayzeka\data\bathrooms\bathrooms_089.jpg,bathrooms_089.jpg,bathrooms,94909
C:\Users\ysfkr\OneDrive\Masaüstü\yapayzeka\data\bathrooms\bathrooms_090.jpg,bathrooms_090.jpg,bathrooms,97400
C:\Users\ysfkr\OneDrive\Masaüstü\yapayzeka\data\bathrooms\bathrooms_091.jpg,bathrooms_091.jpg,bathrooms,128463
C:\Users\ysfkr\OneDrive\Masaüstü\yapayzeka\data\bathrooms\bathrooms_092.jpg,bathrooms_092.jpg,bathrooms,66872
C:\Users\ysfkr\OneDrive\Masaüstü\yapayzeka\data\bathrooms\bathrooms_093.jpg,bathrooms_093.jpg,bathrooms,123058
C:\Users\ysfkr\OneDrive\Masaüstü\yapayzeka\data\bathrooms\bathrooms_094.jpg,bathrooms_094.jpg,bathrooms,62837
C:\Users\ysfkr\OneDrive\Masaüstü\yapayzeka\data\bathrooms\bathrooms_095.jpg,bathrooms_095.jpg,bathrooms,88892
C:\Users\ysfkr\OneDrive\Masaüstü\yapayzeka\data\bathrooms\bathrooms_096.jpg,bathrooms_096.jpg,bathrooms,65562
C:\Users\ysfkr\OneDrive\Masaüstü\yapayzeka\data\bathrooms\bathrooms_097.jpg,bathrooms_097.jpg,bathrooms,55688
C:\Users\ysfkr\OneDrive\Masaüstü\yapayzeka\data\bathrooms\bathrooms_098.jpg,bathrooms_098.jpg,bathrooms,94201
C:\Users\ysfkr\OneDrive\Masaüstü\yapayzeka\data\bathrooms\bathrooms_099.jpg,bathrooms_099.jpg,bathrooms,97723
C:\Users\ysfkr\OneDrive\Masaüstü\yapayzeka\data\dining_rooms\dining_rooms.jpg,dining_rooms.jpg,dining_rooms,92003
C:\Users\ysfkr\OneDrive\Masaüstü\yapayzeka\data\dining_rooms\dining_rooms_000.jpg,dining_rooms_000.jpg,dining_rooms,107806
C:\Users\ysfkr\OneDrive\Masaüstü\yapayzeka\data\dining_rooms\dining_rooms_001.jpg,dining_rooms_001.jpg,dining_rooms,140305
C:\Users\ysfkr\OneDrive\Masaüstü\yapayzeka\data\dining_rooms\dining_rooms_002.jpg,dining_rooms_002.jpg,dining_rooms,120293
C:\Users\ysfkr\OneDrive\Masaüstü\yapayzeka\data\dining_rooms\dining_rooms_003.jpg,dining_rooms_003.jpg,dining_rooms,194436
C:\Users\ysfkr\OneDrive\Masaüstü\yapayzeka\data\dining_rooms\dining_rooms_004.jpg,dining_rooms_004.jpg,dining_rooms,129592
C:\Users\ysfkr\OneDrive\Masaüstü\yapayzeka\data\dining_rooms\dining_rooms_005.jpg,dining_rooms_005.jpg,dining_rooms,132265
C:\Users\ysfkr\OneDrive\Masaüstü\yapayzeka\data\dining_rooms\dining_rooms_006.jpg,dining_rooms_006.jpg,dining_rooms,106311
C:\Users\ysfkr\OneDrive\Masaüstü\yapayzeka\data\dining_rooms\dining_rooms_007.jpg,dining_rooms_007.jpg,dining_rooms,129587
C:\Users\ysfkr\OneDrive\Masaüstü\yapayzeka\data\dining_rooms\dining_rooms_008.jpg,dining_rooms_008.jpg,dining_rooms,152688
C:\Users\ysfkr\OneDrive\Masaüstü\yapayzeka\data\dining_rooms\dining_rooms_009.jpg,dining_rooms_009.jpg,dining_rooms,120874
C:\Users\ysfkr\OneDrive\Masaüstü\yapayzeka\data\dining_rooms\dining_rooms_010.jpg,dining_rooms_010.jpg,dining_rooms,120375
C:\Users\ysfkr\OneDrive\Masaüstü\yapayzeka\data\dining_rooms\dining_rooms_011.jpg,dining_rooms_011.jpg,dining_rooms,125202
C:\Users\ysfkr\OneDrive\Masaüstü\yapayzeka\data\dining_rooms\dining_rooms_012.jpg,dining_rooms_012.jpg,dining_rooms,141700
C:\Users\ysfkr\OneDrive\Masaüstü\yapayzeka\data\dining_rooms\dining_rooms_013.jpg,dining_rooms_013.jpg,dining_rooms,115832
C:\Users\ysfkr\OneDrive\Masaüstü\yapayzeka\data\dining_rooms\dining_rooms_014.jpg,dining_rooms_014.jpg,dining_rooms,162462
C:\Users\ysfkr\OneDrive\Masaüstü\yapayzeka\data\dining_rooms\dining_rooms_015.jpg,dining_rooms_015.jpg,dining_rooms,27081
C:\Users\ysfkr\OneDrive\Masaüstü\yapayzeka\data\dining_rooms\dining_rooms_016.jpg,dining_rooms_016.jpg,dining_rooms,108823
C:\Users\ysfkr\OneDrive\Masaüstü\yapayzeka\data\dining_rooms\dining_rooms_017.jpg,dining_rooms_017.jpg,dining_rooms,92866
C:\Users\ysfkr\OneDrive\Masaüstü\yapayzeka\data\dining_rooms\dining_rooms_018.jpg,dining_rooms_018.jpg,dining_rooms,162422
C:\Users\ysfkr\OneDrive\Masaüstü\yapayzeka\data\dining_rooms\dining_rooms_019.jpg,dining_rooms_019.jpg,dining_rooms,124712
C:\Users\ysfkr\OneDrive\Masaüstü\yapayzeka\data\dining_rooms\dining_rooms_020.jpg,dining_rooms_020.jpg,dining_rooms,75448
C:\Users\ysfkr\OneDrive\Masaüstü\yapayzeka\data\dining_rooms\dining_rooms_021.jpg,dining_rooms_021.jpg,dining_rooms,86341
C:\Users\ysfkr\OneDrive\Masaüstü\yapayzeka\data\dining_rooms\dining_rooms_022.jpg,dining_rooms_022.jpg,dining_rooms,59495
C:\Users\ysfkr\OneDrive\Masaüstü\yapayzeka\data\dining_rooms\dining_rooms_023.jpg,dining_rooms_023.jpg,dining_rooms,56509
C:\Users\ysfkr\OneDrive\Masaüstü\yapayzeka\data\dining_rooms\dining_rooms_024.jpg,dining_rooms_024.jpg,dining_rooms,64335
C:\Users\ysfkr\OneDrive\Masaüstü\yapayzeka\data\dining_rooms\dining_rooms_025.jpg,dining_rooms_025.jpg,dining_rooms,50762
C:\Users\ysfkr\OneDrive\Masaüstü\yapayzeka\data\dining_rooms\dining_rooms_026.jpg,dining_rooms_026.jpg,dining_rooms,70010
C:\Users\ysfkr\OneDrive\Masaüstü\yapayzeka\data\dining_rooms\dining_rooms_027.jpg,dining_rooms_027.jpg,dining_rooms,66357
C:\Users\ysfkr\OneDrive\Masaüstü\yapayzeka\data\dining_rooms\dining_rooms_028.jpg,dining_rooms_028.jpg,dining_rooms,72169
C:\Users\ysfkr\OneDrive\Masaüstü\yapayzeka\data\dining_rooms\dining_rooms_029.jpg,dining_rooms_029.jpg,dining_rooms,38660
C:\Users\ysfkr\OneDrive\Masaüstü\yapayzeka\data\dining_rooms\dining_rooms_030.jpg,dining_rooms_030.jpg,dining_rooms,88448
C:\Users\ysfkr\OneDrive\Masaüstü\yapayzeka\data\dining_rooms\dining_rooms_031.jpg,dining_rooms_031.jpg,dining_rooms,44338
C:\Users\ysfkr\OneDrive\Masaüstü\yapayzeka\data\dining_rooms\dining_rooms_032.jpg,dining_rooms_032.jpg,dining_rooms,88475
C:\Users\ysfkr\OneDrive\Masaüstü\yapayzeka\data\dining_rooms\dining_rooms_033.jpg,dining_rooms_033.jpg,dining_rooms,87179
C:\Users\ysfkr\OneDrive\Masaüstü\yapayzeka\data\dining_rooms\dining_rooms_034.jpg,dining_rooms_034.jpg,dining_rooms,90985
C:\Users\ysfkr\OneDrive\Masaüstü\yapayzeka\data\dining_rooms\dining_rooms_035.jpg,dining_rooms_035.jpg,dining_rooms,50555
C:\Users\ysfkr\OneDrive\Masaüstü\yapayzeka\data\dining_rooms\dining_rooms_036.jpg,dining_rooms_036.jpg,dining_rooms,99041
C:\Users\ysfkr\OneDrive\Masaüstü\yapayzeka\data\dining_rooms\dining_rooms_037.jpg,dining_rooms_037.jpg,dining_rooms,88662
C:\Users\ysfkr\OneDrive\Masaüstü\yapayzeka\data\dining_rooms\dining_rooms_038.jpg,dining_rooms_038.jpg,dining_rooms,85258
C:\Users\ysfkr\OneDrive\Masaüstü\yapayzeka\data\dining_rooms\dining_rooms_039.jpg,dining_rooms_039.jpg,dining_rooms,62733
C:\Users\ysfkr\OneDrive\Masaüstü\yapayzeka\data\dining_rooms\dining_rooms_040.jpg,dining_rooms_040.jpg,dining_rooms,76096
C:\Users\ysfkr\OneDrive\Masaüstü\yapayzeka\data\dining_rooms\dining_rooms_041.jpg,dining_rooms_041.jpg,dining_rooms,129587
C:\Users\ysfkr\OneDrive\Masaüstü\yapayzeka\data\dining_rooms\dining_rooms_042.jpg,dining_rooms_042.jpg,dining_rooms,107806
C:\Users\ysfkr\OneDrive\Masaüstü\yapayzeka\data\dining_rooms\dining_rooms_043.jpg,dining_rooms_043.jpg,dining_rooms,178777
C:\Users\ysfkr\OneDrive\Masaüstü\yapayzeka\data\dining_rooms\dining_rooms_044.jpg,dining_rooms_044.jpg,dining_rooms,140305
C:\Users\ysfkr\OneDrive\Masaüstü\yapayzeka\data\dining_rooms\dining_rooms_045.jpg,dining_rooms_045.jpg,dining_rooms,132516
C:\Users\ysfkr\OneDrive\Masaüstü\yapayzeka\data\dining_rooms\dining_rooms_046.jpg,dining_rooms_046.jpg,dining_rooms,103391
C:\Users\ysfkr\OneDrive\Masaüstü\yapayzeka\data\dining_rooms\dining_rooms_047.jpg,dining_rooms_047.jpg,dining_rooms,69837
C:\Users\ysfkr\OneDrive\Masaüstü\yapayzeka\data\dining_rooms\dining_rooms_048.jpg,dining_rooms_048.jpg,dining_rooms,115832
C:\Users\ysfkr\OneDrive\Masaüstü\yapayzeka\data\dining_rooms\dining_rooms_049.jpg,dining_rooms_049.jpg,dining_rooms,168100
C:\Users\ysfkr\OneDrive\Masaüstü\yapayzeka\data\dining_rooms\dining_rooms_050.jpg,dining_rooms_050.jpg,dining_rooms,52364
C:\Users\ysfkr\OneDrive\Masaüstü\yapayzeka\data\dining_rooms\dining_rooms_051.jpg,dining_rooms_051.jpg,dining_rooms,76105
C:\Users\ysfkr\OneDrive\Masaüstü\yapayzeka\data\dining_rooms\dining_rooms_052.jpg,dining_rooms_052.jpg,dining_rooms,130692
C:\Users\ysfkr\OneDrive\Masaüstü\yapayzeka\data\dining_rooms\dining_rooms_053.jpg,dining_rooms_053.jpg,dining_rooms,96371
C:\Users\ysfkr\OneDrive\Masaüstü\yapayzeka\data\dining_rooms\dining_rooms_054.jpg,dining_rooms_054.jpg,dining_rooms,95143
C:\Users\ysfkr\OneDrive\Masaüstü\yapayzeka\data\dining_rooms\dining_rooms_055.jpg,dining_rooms_055.jpg,dining_rooms,135817
C:\Users\ysfkr\OneDrive\Masaüstü\yapayzeka\data\dining_rooms\dining_rooms_056.jpg,dining_rooms_056.jpg,dining_rooms,125202
C:\Users\ysfkr\OneDrive\Masaüstü\yapayzeka\data\dining_rooms\dining_rooms_057.jpg,dining_rooms_057.jpg,dining_rooms,118941
C:\Users\ysfkr\OneDrive\Masaüstü\yapayzeka\data\dining_rooms\dining_rooms_058.jpg,dining_rooms_058.jpg,dining_rooms,89178
C:\Users\ysfkr\OneDrive\Masaüstü\yapayzeka\data\dining_rooms\dining_rooms_059.jpg,dining_rooms_059.jpg,dining_rooms,152688
C:\Users\ysfkr\OneDrive\Masaüstü\yapayzeka\data\dining_rooms\dining_rooms_060.jpg,dining_rooms_060.jpg,dining_rooms,56509
C:\Users\ysfkr\OneDrive\Masaüstü\yapayzeka\data\dining_rooms\dining_rooms_061.jpg,dining_rooms_061.jpg,dining_rooms,66357
C:\Users\ysfkr\OneDrive\Masaüstü\yapayzeka\data\dining_rooms\dining_rooms_062.jpg,dining_rooms_062.jpg,dining_rooms,62733
C:\Users\ysfkr\OneDrive\Masaüstü\yapayzeka\data\dining_rooms\dining_rooms_063.jpg,dining_rooms_063.jpg,dining_rooms,89477
C:\Users\ysfkr\OneDrive\Masaüstü\yapayzeka\data\dining_rooms\dining_rooms_064.jpg,dining_rooms_064.jpg,dining_rooms,70010
C:\Users\ysfkr\OneDrive\Masaüstü\yapayzeka\data\dining_rooms\dining_rooms_065.jpg,dining_rooms_065.jpg,dining_rooms,75448
C:\Users\ysfkr\OneDrive\Masaüstü\yapayzeka\data\dining_rooms\dining_rooms_066.jpg,dining_rooms_066.jpg,dining_rooms,50762
C:\Users\ysfkr\OneDrive\Masaüstü\yapayzeka\data\dining_rooms\dining_rooms_067.jpg,dining_rooms_067.jpg,dining_rooms,55245
C:\Users\ysfkr\OneDrive\Masaüstü\yapayzeka\data\dining_rooms\dining_rooms_068.jpg,dining_rooms_068.jpg,dining_rooms,73623
C:\Users\ysfkr\OneDrive\Masaüstü\yapayzeka\data\dining_rooms\dining_rooms_069.jpg,dining_rooms_069.jpg,dining_rooms,38660
C:\Users\ysfkr\OneDrive\Masaüstü\yapayzeka\data\dining_rooms\dining_rooms_070.jpg,dining_rooms_070.jpg,dining_rooms,69340
C:\Users\ysfkr\OneDrive\Masaüstü\yapayzeka\data\dining_rooms\dining_rooms_071.jpg,dining_rooms_071.jpg,dining_rooms,59495
C:\Users\ysfkr\OneDrive\Masaüstü\yapayzeka\data\dining_rooms\dining_rooms_072.jpg,dining_rooms_072.jpg,dining_rooms,79379
C:\Users\ysfkr\OneDrive\Masaüstü\yapayzeka\data\dining_rooms\dining_rooms_073.jpg,dining_rooms_073.jpg,dining_rooms,32492
C:\Users\ysfkr\OneDrive\Masaüstü\yapayzeka\data\dining_rooms\dining_rooms_074.jpg,dining_rooms_074.jpg,dining_rooms,69198
C:\Users\ysfkr\OneDrive\Masaüstü\yapayzeka\data\dining_rooms\dining_rooms_075.jpg,dining_rooms_075.jpg,dining_rooms,72621
C:\Users\ysfkr\OneDrive\Masaüstü\yapayzeka\data\dining_rooms\dining_rooms_076.jpg,dining_rooms_076.jpg,dining_rooms,58447
C:\Users\ysfkr\OneDrive\Masaüstü\yapayzeka\data\dining_rooms\dining_rooms_077.jpg,dining_rooms_077.jpg,dining_rooms,59054
C:\Users\ysfkr\OneDrive\Masaüstü\yapayzeka\data\dining_rooms\dining_rooms_078.jpg,dining_rooms_078.jpg,dining_rooms,85841
C:\Users\ysfkr\OneDrive\Masaüstü\yapayzeka\data\dining_rooms\dining_rooms_079.jpg,dining_rooms_079.jpg,dining_rooms,78762
C:\Users\ysfkr\OneDrive\Masaüstü\yapayzeka\data\dining_rooms\dining_rooms_080.jpg,dining_rooms_080.jpg,dining_rooms,128814
C:\Users\ysfkr\OneDrive\Masaüstü\yapayzeka\data\dining_rooms\dining_rooms_081.jpg,dining_rooms_081.jpg,dining_rooms,137443
C:\Users\ysfkr\OneDrive\Masaüstü\yapayzeka\data\dining_rooms\dining_rooms_082.jpg,dining_rooms_082.jpg,dining_rooms,127272
C:\Users\ysfkr\OneDrive\Masaüstü\yapayzeka\data\dining_rooms\dining_rooms_083.jpg,dining_rooms_083.jpg,dining_rooms,168000
C:\Users\ysfkr\OneDrive\Masaüstü\yapayzeka\data\dining_rooms\dining_rooms_084.jpg,dining_rooms_084.jpg,dining_rooms,117766
C:\Users\ysfkr\OneDrive\Masaüstü\yapayzeka\data\dining_rooms\dining_rooms_085.jpg,dining_rooms_085.jpg,dining_rooms,103451
C:\Users\ysfkr\OneDrive\Masaüstü\yapayzeka\data\dining_rooms\dining_rooms_086.jpg,dining_rooms_086.jpg,dining_rooms,146559
C:\Users\ysfkr\OneDrive\Masaüstü\yapayzeka\data\dining_rooms\dining_rooms_087.jpg,dining_rooms_087.jpg,dining_rooms,118941
C:\Users\ysfkr\OneDrive\Masaüstü\yapayzeka\data\dining_rooms\dining_rooms_088.jpg,dining_rooms_088.jpg,dining_rooms,162790
C:\Users\ysfkr\OneDrive\Masaüstü\yapayzeka\data\dining_rooms\dining_rooms_089.jpg,dining_rooms_089.jpg,dining_rooms,113007
C:\Users\ysfkr\OneDrive\Masaüstü\yapayzeka\data\dining_rooms\dining_rooms_090.jpg,dining_rooms_090.jpg,dining_rooms,103944
C:\Users\ysfkr\OneDrive\Masaüstü\yapayzeka\data\dining_rooms\dining_rooms_091.jpg,dining_rooms_091.jpg,dining_rooms,112051
C:\Users\ysfkr\OneDrive\Masaüstü\yapayzeka\data\dining_rooms\dining_rooms_092.jpg,dining_rooms_092.jpg,dining_rooms,168100
C:\Users\ysfkr\OneDrive\Masaüstü\yapayzeka\data\dining_rooms\dining_rooms_093.jpg,dining_rooms_093.jpg,dining_rooms,141700
C:\Users\ysfkr\OneDrive\Masaüstü\yapayzeka\data\dining_rooms\dining_rooms_094.jpg,dining_rooms_094.jpg,dining_rooms,95143
C:\Users\ysfkr\OneDrive\Masaüstü\yapayzeka\data\dining_rooms\dining_rooms_095.jpg,dining_rooms_095.jpg,dining_rooms,70397
C:\Users\ysfkr\OneDrive\Masaüstü\yapayzeka\data\dining_rooms\dining_rooms_096.jpg,dining_rooms_096.jpg,dining_rooms,174879
C:\Users\ysfkr\OneDrive\Masaüstü\yapayzeka\data\dining_rooms\dining_rooms_097.jpg,dining_rooms_097.jpg,dining_rooms,45498
C:\Users\ysfkr\OneDrive\Masaüstü\yapayzeka\data\dining_rooms\dining_rooms_098.jpg,dining_rooms_098.jpg,dining_rooms,182660
C:\Users\ysfkr\OneDrive\Masaüstü\yapayzeka\data\dining_rooms\dining_rooms_099.jpg,dining_rooms_099.jpg,dining_rooms,218368
